present_pos,type,rating,variety,unsure,timestamp,session
1,warmup,1,0,0,2026-06-11T13:28:50.619006+00:00,1
2,warmup,6,0,0,2026-06-11T13:29:00.842806+00:00,1
3,warmup,1,0,0,2026-06-11T13:29:09.676161+00:00,1
4,warmup,3,0,0,2026-06-11T13:29:21.781993+00:00,1
5,warmup,1,0,0,2026-06-11T13:29:26.575813+00:00,1
6,warmup,3,0,0,2026-06-11T13:29:38.711310+00:00,1
7,warmup,7,0,0,2026-06-11T13:29:42.733085+00:00,1
8,warmup,1,0,0,2026-06-11T13:29:49.725396+00:00,1
9,warmup,7,0,0,2026-06-11T13:29:53.389048+00:00,1
10,warmup,7,0,0,2026-06-11T13:29:57.373906+00:00,1
11,warmup,1,0,0,2026-06-11T13:30:06.225672+00:00,1
12,warmup,5,0,0,2026-06-11T13:30:10.424478+00:00,1
13,warmup,5,0,0,2026-06-11T13:30:17.672882+00:00,1
14,warmup,6,0,0,2026-06-11T13:30:22.200190+00:00,1
15,warmup,2,0,0,2026-06-11T13:30:27.734235+00:00,1
16,warmup,3,0,0,2026-06-11T13:30:34.432312+00:00,1
17,warmup,4,0,0,2026-06-11T13:30:39.557212+00:00,1
18,warmup,3,0,0,2026-06-11T13:30:47.509679+00:00,1
19,warmup,7,0,0,2026-06-11T13:30:56.437548+00:00,1
20,warmup,3,0,0,2026-06-11T13:31:03.973233+00:00,1
21,gold,1,0,0,2026-06-11T13:31:11.846082+00:00,1
22,gold,3,0,0,2026-06-11T13:31:17.187451+00:00,1
23,gold,1,0,0,2026-06-11T13:31:24.349741+00:00,1
24,gold,7,0,0,2026-06-11T13:31:29.855507+00:00,1
25,gold,1,0,0,2026-06-11T13:31:34.441088+00:00,1
26,gold,5,0,0,2026-06-11T13:31:43.591588+00:00,1
27,gold,5,0,0,2026-06-11T13:31:50.503006+00:00,1
28,gold,1,0,0,2026-06-11T13:31:54.789341+00:00,1
29,gold,3,0,0,2026-06-11T13:31:58.745753+00:00,1
30,gold,3,0,0,2026-06-11T13:32:11.923775+00:00,1
31,gold,1,0,0,2026-06-11T13:32:16.365519+00:00,1
32,repeat,1,0,0,2026-06-11T13:32:20.312303+00:00,1
33,gold,2,0,0,2026-06-11T13:32:32.017881+00:00,1
34,gold,7,0,0,2026-06-11T13:32:35.914674+00:00,1
35,gold,7,0,0,2026-06-11T13:32:39.578069+00:00,1
36,gold,2,0,0,2026-06-11T13:32:45.284217+00:00,1
37,gold,2,0,0,2026-06-11T13:32:50.556808+00:00,1
38,gold,1,0,0,2026-06-11T13:32:57.373275+00:00,1
39,gold,7,0,0,2026-06-11T13:33:00.344404+00:00,1
40,gold,1,0,0,2026-06-11T13:33:05.622254+00:00,1
41,gold,4,0,0,2026-06-11T13:33:09.435210+00:00,1
42,gold,7,0,0,2026-06-11T13:33:14.559308+00:00,1
43,gold,4,0,0,2026-06-11T13:33:19.554044+00:00,1
44,gold,7,0,0,2026-06-11T13:33:22.858440+00:00,1
45,gold,5,0,0,2026-06-11T13:33:30.727446+00:00,1
46,gold,1,0,0,2026-06-11T13:33:37.920503+00:00,1
47,gold,1,0,0,2026-06-11T13:33:43.139534+00:00,1
48,gold,6,0,0,2026-06-11T13:33:49.499065+00:00,1
49,gold,1,0,0,2026-06-11T13:33:55.670174+00:00,1
50,gold,7,0,0,2026-06-11T13:34:01.367480+00:00,1
51,gold,7,0,0,2026-06-11T13:34:03.419339+00:00,1
52,gold,7,0,0,2026-06-11T13:34:07.881606+00:00,1
53,gold,1,0,0,2026-06-11T13:34:12.560963+00:00,1
54,gold,2,0,0,2026-06-11T13:34:23.627116+00:00,1
55,gold,2,0,0,2026-06-11T13:34:36.000545+00:00,1
56,gold,7,0,0,2026-06-11T13:34:40.062340+00:00,1
57,gold,6,0,0,2026-06-11T13:34:50.040457+00:00,1
58,gold,7,0,0,2026-06-11T13:34:53.140061+00:00,1
59,gold,7,0,0,2026-06-11T13:34:57.149753+00:00,1
60,gold,5,0,0,2026-06-11T13:35:04.731204+00:00,1
61,gold,1,0,0,2026-06-11T13:35:09.292293+00:00,1
62,gold,3,0,0,2026-06-11T13:35:16.154631+00:00,1
63,gold,1,0,0,2026-06-11T13:35:21.050400+00:00,1
64,gold,2,0,0,2026-06-11T13:35:27.200112+00:00,1
65,gold,1,0,0,2026-06-11T13:35:32.584341+00:00,1
66,gold,7,0,0,2026-06-11T13:35:35.987868+00:00,1
67,gold,6,0,0,2026-06-11T13:35:45.243293+00:00,1
68,gold,6,0,0,2026-06-11T13:35:48.743405+00:00,1
69,gold,5,0,0,2026-06-11T13:35:53.736449+00:00,1
70,gold,7,0,0,2026-06-11T13:35:57.592331+00:00,1
71,gold,7,0,0,2026-06-11T13:36:10.858546+00:00,1
72,gold,1,0,0,2026-06-11T13:36:22.287391+00:00,1
73,gold,3,0,0,2026-06-11T13:36:29.166838+00:00,1
74,gold,1,0,0,2026-06-11T13:36:34.214016+00:00,1
75,gold,1,0,0,2026-06-11T13:36:39.149991+00:00,1
76,repeat,1,0,0,2026-06-11T13:36:42.340340+00:00,1
77,gold,7,0,0,2026-06-11T13:36:46.966210+00:00,1
78,gold,7,0,0,2026-06-11T13:36:51.533439+00:00,1
79,gold,6,0,0,2026-06-11T13:36:56.978516+00:00,1
80,gold,2,0,0,2026-06-11T13:37:10.769496+00:00,1
81,gold,6,0,0,2026-06-11T15:40:49.871193+00:00,2
82,gold,7,0,0,2026-06-11T15:40:54.991509+00:00,2
83,gold,2,0,0,2026-06-11T15:41:00.905400+00:00,2
84,gold,6,0,0,2026-06-11T15:41:07.072188+00:00,2
85,gold,3,0,0,2026-06-11T15:41:12.545508+00:00,2
86,gold,2,0,0,2026-06-11T15:41:19.435762+00:00,2
87,gold,1,0,0,2026-06-11T15:41:25.231272+00:00,2
88,gold,2,0,0,2026-06-11T15:41:29.660928+00:00,2
89,gold,2,0,0,2026-06-11T15:41:35.577416+00:00,2
90,repeat,1,0,0,2026-06-11T15:41:39.372452+00:00,2
91,gold,6,0,0,2026-06-11T15:41:43.719445+00:00,2
92,gold,7,0,0,2026-06-11T15:41:46.550318+00:00,2
93,gold,7,0,0,2026-06-11T15:41:51.028954+00:00,2
94,gold,1,0,0,2026-06-11T15:41:54.839287+00:00,2
95,gold,2,0,0,2026-06-11T15:42:00.083975+00:00,2
96,gold,1,0,0,2026-06-11T15:42:07.154860+00:00,2
97,gold,1,0,0,2026-06-11T15:42:11.727741+00:00,2
98,gold,7,0,0,2026-06-11T15:42:15.207640+00:00,2
99,gold,7,0,0,2026-06-11T15:42:18.327701+00:00,2
100,repeat,7,0,0,2026-06-11T15:42:19.830968+00:00,2
101,gold,6,0,0,2026-06-11T15:42:28.554131+00:00,2
102,gold,3,0,0,2026-06-11T15:42:35.632512+00:00,2
103,gold,7,0,0,2026-06-11T15:42:38.853730+00:00,2
104,gold,7,0,0,2026-06-11T15:42:43.283352+00:00,2
105,gold,7,0,0,2026-06-11T15:42:47.654389+00:00,2
106,gold,2,0,0,2026-06-11T15:42:53.323132+00:00,2
107,gold,1,0,0,2026-06-11T15:42:57.236119+00:00,2
108,gold,1,0,0,2026-06-11T15:43:01.467474+00:00,2
109,gold,7,0,0,2026-06-11T15:43:04.440033+00:00,2
110,gold,7,0,0,2026-06-11T15:43:06.809696+00:00,2
111,gold,2,0,0,2026-06-11T15:43:11.801621+00:00,2
112,gold,2,0,0,2026-06-11T15:43:18.442912+00:00,2
113,gold,7,0,0,2026-06-11T15:43:22.422739+00:00,2
114,gold,2,0,0,2026-06-11T15:43:28.262748+00:00,2
115,gold,7,0,0,2026-06-11T15:43:30.738906+00:00,2
116,gold,1,0,0,2026-06-11T15:43:35.287648+00:00,2
117,gold,2,0,0,2026-06-11T15:43:41.292603+00:00,2
118,repeat,1,0,0,2026-06-11T15:43:49.457934+00:00,2
119,gold,7,0,0,2026-06-11T15:43:53.068338+00:00,2
120,gold,1,0,0,2026-06-11T15:43:56.633782+00:00,2
121,gold,1,0,0,2026-06-11T15:44:02.312686+00:00,2
122,gold,1,0,0,2026-06-11T15:44:07.380689+00:00,2
123,gold,1,0,0,2026-06-11T15:44:10.600042+00:00,2
124,gold,5,0,0,2026-06-11T15:44:16.107077+00:00,2
125,gold,2,0,0,2026-06-11T15:44:21.825934+00:00,2
126,gold,1,0,0,2026-06-11T15:44:25.473057+00:00,2
127,gold,3,0,0,2026-06-11T15:44:28.504127+00:00,2
128,gold,7,0,0,2026-06-11T15:44:31.810416+00:00,2
129,gold,2,0,0,2026-06-11T15:44:39.312339+00:00,2
130,gold,2,0,0,2026-06-11T15:44:44.133396+00:00,2
131,gold,1,0,0,2026-06-11T15:44:48.791190+00:00,2
132,gold,5,0,0,2026-06-11T15:44:52.622165+00:00,2
133,gold,2,0,0,2026-06-11T15:45:01.352953+00:00,2
134,gold,1,0,0,2026-06-11T15:45:05.362019+00:00,2
135,gold,4,0,0,2026-06-11T15:45:09.161726+00:00,2
136,gold,1,0,0,2026-06-11T15:45:14.319120+00:00,2
137,repeat,3,0,0,2026-06-11T15:45:26.313771+00:00,2
138,gold,1,0,0,2026-06-11T15:45:29.620840+00:00,2
139,gold,4,0,0,2026-06-11T15:45:35.371503+00:00,2
140,gold,6,0,0,2026-06-11T15:45:42.987578+00:00,2
141,repeat,3,0,0,2026-06-11T15:45:52.520840+00:00,2
142,gold,2,0,0,2026-06-11T15:45:57.879410+00:00,2
143,gold,1,0,0,2026-06-11T15:46:01.129648+00:00,2
144,gold,7,0,0,2026-06-11T15:46:07.634229+00:00,2
145,gold,3,0,0,2026-06-11T15:46:15.231896+00:00,2
146,gold,2,0,0,2026-06-11T15:46:20.472717+00:00,2
147,gold,7,0,0,2026-06-11T15:46:23.905667+00:00,2
148,gold,7,0,0,2026-06-11T15:46:27.832661+00:00,2
149,gold,1,0,0,2026-06-11T15:46:32.550030+00:00,2
150,gold,1,0,0,2026-06-11T15:46:36.275467+00:00,2
151,gold,1,0,0,2026-06-11T15:46:40.938210+00:00,2
152,gold,4,0,0,2026-06-11T15:46:48.084700+00:00,2
153,gold,2,0,0,2026-06-11T15:46:55.725703+00:00,2
154,gold,1,0,0,2026-06-11T15:46:58.192769+00:00,2
155,gold,5,0,0,2026-06-11T15:47:05.484406+00:00,2
156,gold,1,0,0,2026-06-11T15:47:09.765055+00:00,2
157,gold,2,0,0,2026-06-11T15:47:13.914543+00:00,2
158,gold,7,0,0,2026-06-11T15:47:21.050339+00:00,2
159,gold,2,0,0,2026-06-11T15:47:31.969079+00:00,2
160,gold,5,0,0,2026-06-11T15:47:37.913327+00:00,2
161,gold,1,0,0,2026-06-11T15:47:42.417796+00:00,2
162,gold,1,0,0,2026-06-11T15:47:47.238528+00:00,2
163,gold,1,0,0,2026-06-11T15:47:51.933804+00:00,2
164,gold,6,0,0,2026-06-11T15:47:58.668541+00:00,2
165,repeat,5,0,0,2026-06-11T15:48:04.001999+00:00,2
166,gold,6,0,0,2026-06-11T15:48:08.895908+00:00,2
167,gold,6,0,0,2026-06-11T15:48:14.853252+00:00,2
168,gold,1,0,0,2026-06-11T15:48:17.700234+00:00,2
169,gold,6,0,0,2026-06-11T15:48:21.501019+00:00,2
170,gold,7,0,0,2026-06-11T15:48:25.184403+00:00,2
171,gold,2,0,0,2026-06-11T15:48:29.180975+00:00,2
172,repeat,7,0,0,2026-06-11T15:48:36.719007+00:00,2
173,gold,1,0,0,2026-06-11T15:48:41.961877+00:00,2
174,gold,2,0,0,2026-06-11T15:48:46.029616+00:00,2
175,gold,3,0,0,2026-06-11T15:48:51.480819+00:00,2
176,repeat,1,0,0,2026-06-11T15:48:56.726920+00:00,2
177,gold,1,0,0,2026-06-11T15:49:00.196422+00:00,2
178,gold,1,0,0,2026-06-11T15:49:05.855396+00:00,2
179,gold,5,0,0,2026-06-11T15:49:09.752140+00:00,2
180,repeat,4,0,0,2026-06-11T15:49:15.994016+00:00,2
181,gold,2,0,0,2026-06-11T15:49:24.307914+00:00,2
182,gold,7,0,0,2026-06-11T15:49:28.152564+00:00,2
183,gold,7,0,0,2026-06-11T15:49:32.564673+00:00,2
184,gold,5,0,0,2026-06-11T15:49:36.934842+00:00,2
185,gold,6,0,0,2026-06-11T15:49:43.096914+00:00,2
186,gold,1,0,0,2026-06-11T15:49:45.938665+00:00,2
187,repeat,2,0,0,2026-06-11T15:49:51.442159+00:00,2
188,gold,6,0,0,2026-06-11T15:49:57.739988+00:00,2
189,repeat,7,0,0,2026-06-11T15:50:01.206496+00:00,2
190,gold,1,0,0,2026-06-11T15:50:05.627970+00:00,2
191,gold,5,0,0,2026-06-11T15:50:12.360116+00:00,2
192,gold,7,0,0,2026-06-11T15:50:15.440075+00:00,2
193,gold,1,0,0,2026-06-11T15:50:19.186256+00:00,2
194,gold,1,0,0,2026-06-11T15:50:21.700873+00:00,2
195,gold,2,0,0,2026-06-11T15:50:26.932842+00:00,2
196,gold,7,0,0,2026-06-11T15:50:31.218333+00:00,2
197,gold,7,0,0,2026-06-11T15:50:34.535195+00:00,2
198,gold,5,0,0,2026-06-11T15:50:40.328364+00:00,2
199,gold,1,0,0,2026-06-11T15:50:43.233007+00:00,2
200,gold,2,0,0,2026-06-11T15:50:48.015286+00:00,2
201,gold,1,0,0,2026-06-11T15:50:50.295195+00:00,2
202,gold,7,0,0,2026-06-11T15:50:53.805534+00:00,2
203,gold,7,0,0,2026-06-11T15:50:59.577333+00:00,2
204,gold,1,0,0,2026-06-11T15:51:03.206675+00:00,2
205,gold,1,0,0,2026-06-11T15:51:07.863807+00:00,2
206,gold,7,0,0,2026-06-11T15:51:10.883795+00:00,2
207,gold,2,0,0,2026-06-11T15:51:17.890399+00:00,2
208,gold,1,0,0,2026-06-11T15:51:20.805132+00:00,2
209,gold,4,0,0,2026-06-11T15:51:26.938529+00:00,2
210,gold,5,0,0,2026-06-11T15:51:32.916051+00:00,2
211,gold,2,0,0,2026-06-11T15:51:38.451748+00:00,2
212,gold,3,0,0,2026-06-11T15:51:43.567031+00:00,2
213,gold,7,0,0,2026-06-11T15:51:47.833873+00:00,2
214,gold,1,0,0,2026-06-11T15:51:51.263726+00:00,2
215,gold,6,0,0,2026-06-11T15:51:59.744631+00:00,2
216,gold,1,0,0,2026-06-11T15:52:02.119136+00:00,2
217,gold,1,0,0,2026-06-11T15:52:05.634125+00:00,2
218,gold,1,0,0,2026-06-11T15:52:07.939799+00:00,2
219,gold,1,0,0,2026-06-11T15:52:12.032813+00:00,2
220,gold,4,0,0,2026-06-11T15:52:16.877879+00:00,2
221,gold,3,0,0,2026-06-11T15:52:21.936908+00:00,2
222,gold,2,0,0,2026-06-11T15:52:27.825098+00:00,2
223,gold,1,0,0,2026-06-11T15:52:33.779914+00:00,2
224,gold,6,0,0,2026-06-11T15:52:41.629529+00:00,2
225,gold,1,0,0,2026-06-11T15:52:45.322479+00:00,2
226,gold,2,0,0,2026-06-11T15:52:53.237604+00:00,2
227,gold,2,0,0,2026-06-11T15:52:58.064410+00:00,2
228,gold,2,0,0,2026-06-11T15:53:02.673946+00:00,2
229,gold,1,0,0,2026-06-11T15:53:07.816849+00:00,2
230,gold,1,0,0,2026-06-11T15:53:10.256270+00:00,2
231,repeat,1,0,0,2026-06-11T15:53:14.118828+00:00,2
232,gold,5,0,0,2026-06-11T15:53:22.010445+00:00,2
233,gold,2,0,0,2026-06-11T15:53:29.332462+00:00,2
234,gold,2,0,0,2026-06-11T15:53:37.151941+00:00,2
235,gold,3,0,0,2026-06-11T15:53:40.517926+00:00,2
236,gold,2,0,0,2026-06-11T15:53:45.481353+00:00,2
237,gold,1,0,0,2026-06-11T15:53:49.267506+00:00,2
238,gold,1,0,0,2026-06-11T15:53:52.153078+00:00,2
239,gold,3,0,0,2026-06-11T15:53:56.657132+00:00,2
240,gold,4,0,0,2026-06-11T15:54:00.126490+00:00,2
241,gold,2,0,0,2026-06-11T15:54:06.216992+00:00,2
242,gold,4,0,0,2026-06-11T15:54:13.209197+00:00,2
243,repeat,1,0,0,2026-06-11T15:54:17.450936+00:00,2
244,gold,2,0,0,2026-06-11T15:54:21.777728+00:00,2
245,gold,2,0,0,2026-06-11T15:54:28.778340+00:00,2
246,gold,1,0,0,2026-06-11T15:54:31.919106+00:00,2
247,gold,6,0,0,2026-06-11T15:54:38.232039+00:00,2
248,gold,2,0,0,2026-06-11T15:54:47.763063+00:00,2
249,gold,7,0,0,2026-06-11T15:54:51.222907+00:00,2
250,gold,3,0,0,2026-06-11T15:54:55.199934+00:00,2
251,repeat,1,0,0,2026-06-11T15:55:00.794676+00:00,2
252,gold,7,0,0,2026-06-11T15:55:04.056277+00:00,2
253,gold,6,0,0,2026-06-11T15:55:08.922238+00:00,2
254,gold,1,0,0,2026-06-11T15:55:12.205111+00:00,2
255,gold,4,0,0,2026-06-11T15:55:17.491725+00:00,2
256,gold,7,0,0,2026-06-11T15:55:21.443007+00:00,2
257,gold,3,0,0,2026-06-11T15:55:28.255790+00:00,2
258,gold,5,0,0,2026-06-11T15:55:35.959845+00:00,2
259,gold,6,0,0,2026-06-11T15:55:40.077119+00:00,2
260,gold,3,0,0,2026-06-11T15:55:44.957870+00:00,2
261,gold,2,0,0,2026-06-11T15:55:52.622900+00:00,2
262,gold,6,0,0,2026-06-11T15:55:59.324009+00:00,2
263,gold,2,0,0,2026-06-11T15:56:03.832858+00:00,2
264,gold,3,0,0,2026-06-11T15:56:07.075902+00:00,2
265,gold,1,0,0,2026-06-11T15:56:09.752752+00:00,2
266,gold,2,0,0,2026-06-11T15:56:15.017119+00:00,2
267,gold,3,0,0,2026-06-11T15:56:21.422863+00:00,2
268,gold,1,0,0,2026-06-11T15:56:24.413400+00:00,2
269,gold,2,0,0,2026-06-11T15:56:28.260702+00:00,2
270,gold,3,0,0,2026-06-11T15:56:32.513185+00:00,2
271,gold,5,0,0,2026-06-11T15:56:38.683682+00:00,2
272,gold,7,0,0,2026-06-11T15:56:42.126261+00:00,2
273,gold,2,0,0,2026-06-11T15:56:48.876626+00:00,2
274,gold,2,0,0,2026-06-11T15:56:53.718796+00:00,2
275,gold,6,0,0,2026-06-11T15:56:58.522558+00:00,2
276,gold,7,0,0,2026-06-11T15:57:01.511629+00:00,2
277,gold,1,0,0,2026-06-11T15:57:05.430185+00:00,2
278,gold,1,0,0,2026-06-11T15:57:09.044763+00:00,2
279,gold,7,0,0,2026-06-11T15:57:11.996136+00:00,2
280,gold,6,0,0,2026-06-11T15:57:18.856689+00:00,2
281,repeat,7,0,0,2026-06-11T15:57:21.700778+00:00,2
282,gold,3,0,0,2026-06-11T15:57:25.617378+00:00,2
283,gold,1,0,0,2026-06-11T15:57:29.719383+00:00,2
284,gold,2,0,0,2026-06-11T15:57:32.638300+00:00,2
285,gold,4,0,0,2026-06-11T15:57:37.714015+00:00,2
286,gold,2,0,0,2026-06-11T15:57:42.893435+00:00,2
287,gold,1,0,0,2026-06-11T15:57:48.166464+00:00,2
288,gold,3,0,0,2026-06-11T15:57:58.285416+00:00,2
289,gold,1,0,0,2026-06-11T15:58:00.685506+00:00,2
290,gold,6,0,0,2026-06-11T15:58:05.679183+00:00,2
291,gold,3,0,0,2026-06-11T15:58:08.894603+00:00,2
292,gold,7,0,0,2026-06-11T15:58:11.930012+00:00,2
293,gold,2,0,0,2026-06-11T15:58:18.532750+00:00,2
294,gold,7,0,0,2026-06-11T15:58:21.704820+00:00,2
295,gold,7,0,0,2026-06-11T15:58:24.563115+00:00,2
296,gold,3,0,0,2026-06-11T15:58:28.838778+00:00,2
297,gold,5,0,0,2026-06-11T15:58:33.896700+00:00,2
298,gold,7,0,0,2026-06-11T15:58:36.841514+00:00,2
299,gold,6,0,0,2026-06-11T15:58:41.283465+00:00,2
300,gold,1,0,0,2026-06-11T15:58:44.849319+00:00,2
301,gold,2,0,0,2026-06-11T15:58:48.429805+00:00,2
302,gold,6,0,0,2026-06-11T15:58:52.195079+00:00,2
303,gold,5,0,0,2026-06-11T15:58:57.322737+00:00,2
304,gold,1,0,0,2026-06-11T15:58:59.944488+00:00,2
305,gold,3,0,0,2026-06-11T15:59:05.063733+00:00,2
306,gold,4,0,0,2026-06-11T15:59:09.507542+00:00,2
307,gold,5,0,0,2026-06-11T15:59:12.293289+00:00,2
308,gold,6,0,0,2026-06-11T15:59:20.107783+00:00,2
309,gold,4,0,0,2026-06-11T15:59:24.692768+00:00,2
310,gold,7,0,0,2026-06-11T15:59:28.187936+00:00,2
311,gold,7,0,0,2026-06-11T15:59:31.495918+00:00,2
312,gold,1,0,0,2026-06-11T15:59:35.415571+00:00,2
313,gold,1,0,0,2026-06-11T15:59:39.002344+00:00,2
314,gold,3,0,0,2026-06-11T15:59:47.745150+00:00,2
315,repeat,1,0,0,2026-06-11T15:59:52.749708+00:00,2
316,gold,2,0,0,2026-06-11T15:59:59.083165+00:00,2
317,gold,7,0,0,2026-06-11T16:00:03.172327+00:00,2
318,gold,7,0,0,2026-06-11T16:00:06.310332+00:00,2
319,gold,7,0,0,2026-06-11T16:00:08.202217+00:00,2
320,gold,6,0,0,2026-06-11T16:00:13.927620+00:00,2
321,gold,3,0,0,2026-06-11T16:00:23.434280+00:00,2
322,gold,7,0,0,2026-06-11T16:00:27.265166+00:00,2
323,gold,2,0,0,2026-06-11T16:00:32.021631+00:00,2
324,gold,4,0,0,2026-06-11T16:00:35.720658+00:00,2
325,gold,1,0,0,2026-06-11T16:00:40.077347+00:00,2
326,gold,1,0,0,2026-06-11T16:00:42.170207+00:00,2
327,repeat,2,0,0,2026-06-11T16:00:48.912093+00:00,2
328,gold,4,0,0,2026-06-11T16:00:52.876298+00:00,2
329,gold,5,0,0,2026-06-11T16:01:01.073624+00:00,2
330,gold,7,0,0,2026-06-11T16:01:04.702327+00:00,2
331,gold,2,0,0,2026-06-11T16:01:11.301652+00:00,2
332,gold,6,0,0,2026-06-11T16:01:16.023944+00:00,2
333,gold,6,0,0,2026-06-11T16:01:22.281258+00:00,2
334,gold,5,0,0,2026-06-11T16:01:27.031673+00:00,2
335,gold,1,0,0,2026-06-11T16:01:32.838549+00:00,2
336,gold,2,0,0,2026-06-11T16:17:38.124364+00:00,3
337,gold,2,0,0,2026-06-11T16:17:44.529644+00:00,3
338,gold,3,0,0,2026-06-11T16:17:50.450927+00:00,3
339,gold,2,0,0,2026-06-11T16:17:55.569596+00:00,3
340,repeat,6,0,0,2026-06-11T16:18:01.994098+00:00,3
341,gold,3,0,0,2026-06-11T16:18:06.021274+00:00,3
342,gold,1,0,0,2026-06-11T16:18:11.022036+00:00,3
343,gold,1,0,0,2026-06-11T16:18:15.421666+00:00,3
344,gold,4,0,0,2026-06-11T16:18:21.325633+00:00,3
345,gold,5,0,0,2026-06-11T16:18:26.673359+00:00,3
346,gold,6,0,0,2026-06-11T16:18:31.345240+00:00,3
347,gold,6,0,0,2026-06-11T16:18:36.955904+00:00,3
348,gold,2,0,0,2026-06-11T16:18:51.897848+00:00,3
349,gold,6,0,0,2026-06-11T16:19:02.890359+00:00,3
350,gold,2,0,0,2026-06-11T16:19:15.531622+00:00,3
351,gold,6,0,0,2026-06-11T16:19:20.262760+00:00,3
352,gold,2,0,0,2026-06-11T16:19:25.035801+00:00,3
353,gold,3,0,0,2026-06-11T16:19:30.620075+00:00,3
354,gold,5,0,0,2026-06-11T16:19:38.044503+00:00,3
355,gold,6,0,0,2026-06-11T16:19:46.451192+00:00,3
356,gold,2,0,0,2026-06-11T16:19:55.424404+00:00,3
357,gold,3,0,0,2026-06-11T16:19:59.824284+00:00,3
358,gold,7,0,0,2026-06-11T16:20:03.225830+00:00,3
359,gold,2,0,0,2026-06-11T16:20:09.180424+00:00,3
360,gold,5,0,0,2026-06-11T16:20:12.780130+00:00,3
361,gold,1,0,0,2026-06-11T16:20:16.227500+00:00,3
362,gold,7,0,0,2026-06-11T16:20:19.241483+00:00,3
363,gold,6,0,0,2026-06-11T16:20:36.981529+00:00,3
364,gold,2,0,0,2026-06-11T16:20:42.354907+00:00,3
365,gold,1,0,0,2026-06-11T16:20:45.485317+00:00,3
366,gold,1,0,0,2026-06-11T16:20:48.452873+00:00,3
367,gold,5,0,0,2026-06-11T16:20:53.545436+00:00,3
368,gold,2,0,0,2026-06-11T16:20:57.097154+00:00,3
369,gold,1,0,0,2026-06-11T16:20:59.834208+00:00,3
370,gold,1,0,0,2026-06-11T16:21:02.456988+00:00,3
371,gold,7,0,0,2026-06-11T16:21:04.938282+00:00,3
372,gold,2,0,0,2026-06-11T16:21:10.597076+00:00,3
373,gold,7,0,0,2026-06-11T16:21:15.436264+00:00,3
374,gold,3,0,0,2026-06-11T16:21:25.279024+00:00,3
375,gold,3,0,0,2026-06-11T16:21:35.186594+00:00,3
376,gold,3,0,0,2026-06-11T16:21:40.793056+00:00,3
377,gold,1,0,0,2026-06-11T16:21:43.589984+00:00,3
378,gold,4,0,0,2026-06-11T16:21:48.311514+00:00,3
379,gold,3,0,0,2026-06-11T16:21:51.831410+00:00,3
380,gold,7,0,0,2026-06-11T16:21:54.677333+00:00,3
381,gold,3,0,0,2026-06-11T16:22:11.045902+00:00,3
382,gold,1,0,0,2026-06-11T16:22:16.270255+00:00,3
383,gold,3,0,0,2026-06-11T16:22:22.856593+00:00,3
384,gold,6,0,0,2026-06-11T16:22:27.361693+00:00,3
385,gold,1,0,0,2026-06-11T16:22:30.684152+00:00,3
386,gold,5,0,0,2026-06-11T16:22:37.762882+00:00,3
387,gold,1,0,0,2026-06-11T16:22:42.426492+00:00,3
388,gold,2,0,0,2026-06-11T16:22:48.222443+00:00,3
389,gold,3,0,0,2026-06-11T16:22:52.452464+00:00,3
390,gold,7,0,0,2026-06-11T16:22:56.644518+00:00,3
391,gold,7,0,0,2026-06-11T16:23:02.078966+00:00,3
392,gold,2,0,0,2026-06-11T16:23:09.014033+00:00,3
393,gold,6,0,0,2026-06-11T16:23:13.279660+00:00,3
394,gold,6,0,0,2026-06-11T16:23:19.474926+00:00,3
395,gold,5,0,0,2026-06-11T16:23:24.212019+00:00,3
396,gold,2,0,0,2026-06-11T16:23:30.803937+00:00,3
397,gold,2,0,0,2026-06-11T16:23:33.863163+00:00,3
398,gold,4,0,0,2026-06-11T16:23:38.958568+00:00,3
399,gold,7,0,0,2026-06-11T16:23:41.298049+00:00,3
400,gold,3,0,0,2026-06-11T16:23:49.550417+00:00,3
401,gold,3,0,0,2026-06-11T16:24:03.197968+00:00,3
402,gold,5,0,0,2026-06-11T16:24:09.273133+00:00,3
403,gold,7,0,0,2026-06-11T16:24:14.073952+00:00,3
404,gold,3,0,0,2026-06-11T16:24:17.949353+00:00,3
405,gold,5,0,0,2026-06-11T16:24:22.099704+00:00,3
406,gold,7,0,0,2026-06-11T16:24:24.910905+00:00,3
407,gold,7,0,0,2026-06-11T16:24:27.960819+00:00,3
408,gold,2,0,0,2026-06-11T16:24:38.266087+00:00,3
409,gold,1,0,0,2026-06-11T16:24:42.559394+00:00,3
410,gold,1,0,0,2026-06-11T16:24:45.605358+00:00,3
411,gold,3,0,0,2026-06-11T16:24:51.130199+00:00,3
412,gold,1,0,0,2026-06-11T16:24:54.182476+00:00,3
413,gold,2,0,0,2026-06-11T16:24:58.203148+00:00,3
414,gold,2,0,0,2026-06-11T16:25:02.633829+00:00,3
415,gold,1,0,0,2026-06-11T16:25:05.364751+00:00,3
416,gold,4,0,0,2026-06-11T16:25:08.924094+00:00,3
417,gold,3,0,0,2026-06-11T16:25:14.489692+00:00,3
418,gold,6,0,0,2026-06-11T16:25:20.054261+00:00,3
419,gold,2,0,0,2026-06-11T16:25:23.338654+00:00,3
420,gold,7,0,0,2026-06-11T16:25:26.612986+00:00,3
421,gold,5,0,0,2026-06-11T16:25:35.803075+00:00,3
422,gold,4,0,0,2026-06-11T16:25:41.078060+00:00,3
423,gold,1,0,0,2026-06-11T16:25:43.947940+00:00,3
424,gold,6,0,0,2026-06-11T16:25:49.777420+00:00,3
425,gold,7,0,0,2026-06-11T16:25:53.430193+00:00,3
426,gold,2,0,0,2026-06-11T16:26:05.642654+00:00,3
427,gold,7,0,0,2026-06-11T16:26:09.909149+00:00,3
428,gold,6,0,0,2026-06-11T16:26:14.175185+00:00,3
429,gold,4,0,0,2026-06-11T16:26:19.185737+00:00,3
430,gold,2,0,0,2026-06-11T16:26:23.166594+00:00,3
431,gold,4,0,0,2026-06-11T16:26:32.898351+00:00,3
432,gold,3,0,0,2026-06-11T16:26:38.401583+00:00,3
433,gold,2,0,0,2026-06-11T16:26:42.647844+00:00,3
434,gold,3,0,0,2026-06-11T16:26:45.717189+00:00,3
435,gold,2,0,0,2026-06-11T16:26:49.370295+00:00,3
436,gold,1,0,0,2026-06-11T16:26:51.679175+00:00,3
437,gold,5,0,0,2026-06-11T16:26:58.123396+00:00,3
438,gold,4,0,0,2026-06-11T16:27:01.920253+00:00,3
439,gold,2,0,0,2026-06-11T16:27:11.631106+00:00,3
440,gold,4,0,0,2026-06-11T16:27:16.647021+00:00,3
441,gold,3,0,0,2026-06-11T16:27:23.632369+00:00,3
442,gold,7,0,0,2026-06-11T16:27:27.398315+00:00,3
443,gold,7,0,0,2026-06-11T16:27:30.339721+00:00,3
444,gold,7,0,0,2026-06-11T16:27:33.990186+00:00,3
445,gold,5,0,0,2026-06-11T16:27:40.821807+00:00,3
446,gold,2,0,0,2026-06-11T16:27:48.519004+00:00,3
447,gold,1,0,0,2026-06-11T16:27:51.369021+00:00,3
448,gold,7,0,0,2026-06-11T16:27:56.502648+00:00,3
449,gold,3,0,0,2026-06-11T16:28:04.059660+00:00,3
450,gold,5,0,0,2026-06-11T16:28:11.201357+00:00,3
451,gold,1,0,0,2026-06-11T16:28:15.797601+00:00,3
452,gold,1,0,0,2026-06-11T16:28:18.130339+00:00,3
453,gold,5,0,0,2026-06-11T16:28:21.382787+00:00,3
454,gold,3,0,0,2026-06-11T16:28:27.456076+00:00,3
455,gold,2,0,0,2026-06-11T16:28:32.287420+00:00,3
456,gold,3,0,0,2026-06-11T16:28:37.258384+00:00,3
457,gold,4,0,0,2026-06-11T16:28:41.233011+00:00,3
458,gold,7,0,0,2026-06-11T16:28:44.258531+00:00,3
459,repeat,1,0,0,2026-06-11T16:28:47.426546+00:00,3
460,gold,4,0,0,2026-06-11T16:28:51.615979+00:00,3
461,gold,1,0,0,2026-06-11T16:28:54.138705+00:00,3
462,gold,7,0,0,2026-06-11T16:28:57.372629+00:00,3
463,gold,7,0,0,2026-06-11T16:29:01.255086+00:00,3
464,gold,4,0,0,2026-06-11T16:29:13.716307+00:00,3
465,gold,2,0,0,2026-06-11T16:29:20.977945+00:00,3
466,gold,7,0,0,2026-06-11T16:29:24.176466+00:00,3
467,gold,3,0,0,2026-06-11T16:29:30.476364+00:00,3
468,gold,5,0,0,2026-06-11T16:29:35.840103+00:00,3
469,gold,5,0,0,2026-06-11T16:29:41.524262+00:00,3
470,gold,1,0,0,2026-06-11T16:29:45.315449+00:00,3
471,gold,2,0,0,2026-06-11T16:29:50.955031+00:00,3
472,gold,3,0,0,2026-06-11T16:29:54.192036+00:00,3
473,gold,1,0,0,2026-06-11T16:30:00.410105+00:00,3
474,gold,7,0,0,2026-06-11T16:30:04.021648+00:00,3
475,gold,5,0,0,2026-06-11T16:30:07.666775+00:00,3
476,gold,2,0,0,2026-06-11T16:30:19.622509+00:00,3
477,gold,3,0,0,2026-06-11T16:30:23.322345+00:00,3
478,gold,2,0,0,2026-06-11T16:30:29.150453+00:00,3
479,gold,4,0,0,2026-06-11T16:30:32.011436+00:00,3
480,gold,7,0,0,2026-06-11T16:30:36.162251+00:00,3
481,gold,7,0,0,2026-06-11T16:30:38.882512+00:00,3
482,gold,7,0,0,2026-06-11T16:30:41.145421+00:00,3
483,gold,6,0,0,2026-06-11T16:30:46.057837+00:00,3
484,gold,7,0,0,2026-06-11T16:30:48.410187+00:00,3
485,gold,6,0,0,2026-06-11T16:30:53.963016+00:00,3
486,gold,1,0,0,2026-06-11T16:30:57.647428+00:00,3
487,gold,4,0,0,2026-06-11T16:31:01.422271+00:00,3
488,gold,5,0,0,2026-06-11T16:31:05.897555+00:00,3
489,gold,1,0,0,2026-06-11T16:31:12.363872+00:00,3
490,gold,3,0,0,2026-06-11T16:31:18.100653+00:00,3
491,gold,3,0,0,2026-06-11T16:31:25.613536+00:00,3
492,gold,1,0,0,2026-06-11T16:31:28.958875+00:00,3
493,gold,1,0,0,2026-06-11T16:31:36.532561+00:00,3
494,gold,1,0,0,2026-06-11T16:31:39.029519+00:00,3
495,gold,2,0,0,2026-06-11T16:31:42.343841+00:00,3
496,gold,1,0,0,2026-06-11T16:31:45.898752+00:00,3
497,gold,2,0,0,2026-06-11T16:31:50.571658+00:00,3
498,gold,7,0,0,2026-06-11T16:31:53.497823+00:00,3
499,gold,2,0,0,2026-06-11T16:32:01.573380+00:00,3
500,gold,3,0,0,2026-06-11T16:32:05.418895+00:00,3
501,repeat,7,0,0,2026-06-11T16:32:08.907446+00:00,3
502,gold,3,0,0,2026-06-11T16:32:14.896338+00:00,3
503,gold,7,0,0,2026-06-11T16:32:17.720299+00:00,3
504,gold,2,0,0,2026-06-11T16:32:28.320234+00:00,3
505,gold,7,0,0,2026-06-11T16:32:32.096796+00:00,3
506,repeat,3,0,0,2026-06-11T16:32:35.060676+00:00,3
507,gold,1,0,0,2026-06-11T16:32:48.278671+00:00,3
508,gold,5,0,0,2026-06-11T16:32:52.637837+00:00,3
509,gold,5,0,0,2026-06-11T16:32:56.691673+00:00,3
510,gold,5,0,0,2026-06-11T16:33:00.521695+00:00,3
511,gold,7,0,0,2026-06-11T16:33:03.730343+00:00,3
512,gold,4,0,0,2026-06-11T16:33:08.211632+00:00,3
513,gold,7,0,0,2026-06-11T16:33:11.702904+00:00,3
514,gold,1,0,0,2026-06-11T16:33:18.301121+00:00,3
515,gold,2,0,0,2026-06-11T16:33:20.885936+00:00,3
516,gold,3,0,0,2026-06-11T16:33:28.464158+00:00,3
517,gold,2,0,0,2026-06-11T16:33:35.321353+00:00,3
518,gold,2,0,0,2026-06-11T16:33:39.205521+00:00,3
519,gold,1,0,0,2026-06-11T16:33:42.945996+00:00,3
520,gold,2,0,0,2026-06-11T16:33:51.652908+00:00,3
521,gold,1,0,0,2026-06-11T16:33:55.143336+00:00,3
522,gold,1,0,0,2026-06-11T16:33:58.102086+00:00,3
523,gold,1,0,0,2026-06-11T16:34:01.108487+00:00,3
524,repeat,2,0,0,2026-06-11T16:34:04.977418+00:00,3
525,gold,7,0,0,2026-06-11T16:34:08.106775+00:00,3
526,repeat,5,0,0,2026-06-11T16:34:13.164766+00:00,3
527,gold,3,0,0,2026-06-11T16:34:20.628080+00:00,3
528,gold,7,0,0,2026-06-11T16:34:23.327013+00:00,3
529,gold,4,0,0,2026-06-11T16:34:47.395653+00:00,3
530,gold,5,0,0,2026-06-11T16:34:53.151031+00:00,3
531,gold,3,0,0,2026-06-11T16:34:57.882388+00:00,3
532,gold,2,0,0,2026-06-11T16:35:03.767868+00:00,3
533,repeat,1,0,0,2026-06-11T16:35:06.825463+00:00,3
534,gold,2,0,0,2026-06-11T16:35:11.298079+00:00,3
535,gold,4,0,0,2026-06-11T16:35:14.760940+00:00,3
536,gold,1,0,0,2026-06-11T16:35:17.355165+00:00,3
537,gold,6,0,0,2026-06-11T16:35:22.741324+00:00,3
538,gold,5,0,0,2026-06-11T16:35:30.935901+00:00,3
539,gold,2,0,0,2026-06-11T16:35:34.892729+00:00,3
540,gold,1,0,0,2026-06-11T16:35:39.177585+00:00,3
541,gold,2,0,0,2026-06-11T16:35:44.600093+00:00,3
542,gold,6,0,0,2026-06-11T16:35:49.603648+00:00,3
543,gold,4,0,0,2026-06-11T16:35:56.278608+00:00,3
544,gold,3,0,0,2026-06-11T16:36:01.800598+00:00,3
545,gold,2,0,0,2026-06-11T16:36:06.123897+00:00,3
546,gold,3,0,0,2026-06-11T16:36:14.704744+00:00,3
547,gold,4,0,0,2026-06-11T16:36:19.718891+00:00,3
548,gold,1,0,0,2026-06-11T16:36:24.386378+00:00,3
549,gold,1,0,0,2026-06-11T16:36:27.310978+00:00,3
550,gold,3,0,0,2026-06-11T16:36:33.173426+00:00,3
551,gold,2,0,0,2026-06-11T16:36:40.439898+00:00,3
552,gold,5,0,0,2026-06-11T16:36:43.748494+00:00,3
553,gold,5,0,0,2026-06-11T16:36:49.278875+00:00,3
554,gold,1,0,0,2026-06-11T16:36:53.360988+00:00,3
555,gold,2,0,0,2026-06-11T16:36:59.593455+00:00,3
556,gold,3,0,0,2026-06-11T16:37:03.450499+00:00,3
557,gold,2,0,0,2026-06-11T16:37:07.666694+00:00,3
558,gold,2,0,0,2026-06-11T16:37:12.099499+00:00,3
559,gold,7,0,0,2026-06-11T16:37:17.709742+00:00,3
560,gold,2,0,0,2026-06-11T16:37:22.205951+00:00,3
561,gold,3,0,0,2026-06-11T16:37:25.402435+00:00,3
562,gold,3,0,0,2026-06-11T16:37:38.146367+00:00,3
563,gold,2,0,0,2026-06-11T16:37:43.297264+00:00,3
564,gold,4,0,0,2026-06-11T16:37:47.220336+00:00,3
565,gold,7,0,0,2026-06-11T16:37:50.280916+00:00,3
566,repeat,3,0,0,2026-06-11T16:37:54.231629+00:00,3
567,gold,4,0,0,2026-06-11T16:37:59.760554+00:00,3
568,gold,6,0,0,2026-06-11T16:38:30.955536+00:00,3
569,gold,3,0,0,2026-06-11T16:38:35.908123+00:00,3
570,repeat,4,0,0,2026-06-11T16:38:40.737183+00:00,3
571,gold,3,0,0,2026-06-11T16:38:44.907116+00:00,3
572,gold,3,0,0,2026-06-11T16:38:55.602072+00:00,3
573,gold,3,0,0,2026-06-11T16:39:00.316859+00:00,3
574,gold,2,0,0,2026-06-11T16:39:04.319739+00:00,3
575,gold,4,0,0,2026-06-11T16:39:09.177116+00:00,3
576,gold,6,0,0,2026-06-11T16:39:15.296109+00:00,3
577,gold,3,0,0,2026-06-11T16:39:20.563106+00:00,3
578,gold,3,0,0,2026-06-11T16:39:25.396369+00:00,3
579,gold,2,0,0,2026-06-11T16:39:30.732054+00:00,3
580,gold,7,0,0,2026-06-11T16:39:34.962877+00:00,3
581,repeat,5,0,0,2026-06-11T16:39:39.395766+00:00,3
582,gold,2,0,0,2026-06-11T16:39:42.674360+00:00,3
583,gold,7,0,0,2026-06-11T16:39:47.209712+00:00,3
584,gold,3,0,0,2026-06-11T16:39:54.935594+00:00,3
585,gold,3,0,0,2026-06-11T16:40:01.204032+00:00,3
586,gold,2,0,0,2026-06-11T16:40:06.024644+00:00,3
587,gold,1,0,0,2026-06-11T16:40:10.062809+00:00,3
588,gold,4,0,0,2026-06-11T16:40:13.791333+00:00,3
589,gold,7,0,0,2026-06-11T16:40:16.309007+00:00,3
590,gold,2,0,0,2026-06-11T16:40:19.275957+00:00,3
591,gold,2,0,0,2026-06-11T16:40:24.913779+00:00,3
592,gold,2,0,0,2026-06-11T16:40:29.919933+00:00,3
593,gold,2,0,0,2026-06-11T16:40:35.773705+00:00,3
594,gold,2,0,0,2026-06-11T16:40:40.848759+00:00,3
595,gold,3,0,0,2026-06-11T16:40:44.238298+00:00,3
596,gold,7,0,0,2026-06-11T16:40:48.625281+00:00,3
597,gold,1,0,0,2026-06-11T16:40:55.601508+00:00,3
598,gold,1,0,0,2026-06-11T16:40:58.976235+00:00,3
599,gold,7,0,0,2026-06-11T16:41:01.706404+00:00,3
600,gold,7,0,0,2026-06-11T16:41:05.307392+00:00,3
601,gold,6,0,0,2026-06-11T16:41:10.111486+00:00,3
602,gold,2,0,0,2026-06-11T16:41:13.591649+00:00,3
603,gold,1,0,0,2026-06-11T16:41:17.223599+00:00,3
604,gold,2,0,0,2026-06-11T16:41:20.493783+00:00,3
605,gold,1,0,0,2026-06-11T16:41:22.687777+00:00,3
606,gold,1,0,0,2026-06-11T16:41:25.695190+00:00,3
607,gold,4,0,0,2026-06-11T16:41:29.148813+00:00,3
608,gold,3,0,0,2026-06-11T16:41:33.829648+00:00,3
609,gold,4,0,0,2026-06-11T16:41:37.586783+00:00,3
610,gold,6,0,0,2026-06-11T16:41:42.891107+00:00,3
611,gold,5,0,0,2026-06-11T16:41:47.540648+00:00,3
612,gold,3,0,0,2026-06-11T16:41:53.394504+00:00,3
613,gold,7,0,0,2026-06-11T16:41:56.406175+00:00,3
614,gold,3,0,0,2026-06-11T16:42:00.345141+00:00,3
615,gold,3,0,0,2026-06-11T16:42:05.969590+00:00,3
616,gold,7,0,0,2026-06-11T16:42:09.935665+00:00,3
617,gold,1,0,0,2026-06-11T16:42:14.666742+00:00,3
618,gold,1,0,0,2026-06-11T16:42:18.454380+00:00,3
619,gold,3,0,0,2026-06-11T16:42:22.080986+00:00,3
620,gold,1,0,0,2026-06-11T16:42:25.442228+00:00,3
621,gold,4,0,0,2026-06-11T16:42:30.703901+00:00,3
622,gold,7,0,1,2026-06-11T16:45:30.456549+00:00,3
623,gold,3,0,0,2026-06-11T16:45:37.528853+00:00,3
624,repeat,2,0,0,2026-06-11T16:45:45.002611+00:00,3
625,gold,3,0,0,2026-06-11T16:45:48.770734+00:00,3
626,gold,2,0,0,2026-06-11T16:45:51.912563+00:00,3
627,gold,2,0,0,2026-06-11T16:46:00.456257+00:00,3
628,gold,2,0,0,2026-06-11T16:46:04.985297+00:00,3
629,gold,6,0,0,2026-06-11T16:46:10.175266+00:00,3
630,gold,1,0,0,2026-06-11T16:46:12.359767+00:00,3
631,gold,3,0,0,2026-06-11T16:50:35.028876+00:00,3
632,gold,2,0,0,2026-06-11T16:50:39.803322+00:00,3
633,gold,7,0,0,2026-06-11T16:52:10.638740+00:00,3
634,gold,3,0,0,2026-06-11T16:52:15.120632+00:00,3
635,gold,7,0,0,2026-06-11T16:52:19.182587+00:00,3
636,gold,2,0,0,2026-06-11T16:52:25.699260+00:00,3
637,gold,3,0,0,2026-06-11T16:52:30.355017+00:00,3
638,gold,2,0,0,2026-06-11T16:52:39.654886+00:00,3
639,gold,2,0,0,2026-06-11T16:52:43.237718+00:00,3
640,gold,4,0,0,2026-06-11T16:52:47.817246+00:00,3
641,gold,2,0,0,2026-06-11T16:52:52.182517+00:00,3
642,gold,5,0,0,2026-06-11T16:52:56.684249+00:00,3
643,gold,1,0,0,2026-06-11T16:53:01.552770+00:00,3
644,gold,3,0,0,2026-06-11T16:53:07.792732+00:00,3
645,gold,2,0,0,2026-06-11T16:53:12.877981+00:00,3
646,gold,1,0,0,2026-06-11T16:53:15.302425+00:00,3
647,gold,1,0,0,2026-06-11T16:53:19.099525+00:00,3
648,gold,3,0,0,2026-06-11T16:53:24.079844+00:00,3
649,gold,6,0,0,2026-06-11T16:53:27.849694+00:00,3
650,gold,3,0,0,2026-06-11T16:53:34.395898+00:00,3
